{"cameraMode":{"drawMode":0,"name":"Shaded","section":"Shading Mode"},"sceneLighting":true,"audioPlay":false,"sceneViewState":{"m_AlwaysRefresh":false,"showFog":true,"showSkybox":false,"showFlares":true,"showImageEffects":true,"showParticleSystems":true,"showVisualEffectGraphs":true,"m_FxEnabled":true},"in2DMode":false,"pivot":{"x":-0.037447452545166019,"y":21.68213653564453,"z":3.2589187622070314},"rotation":{"x":0.13017000257968903,"y":-0.11277278512716294,"z":0.014904046431183815,"w":0.9849451780319214},"size":5.224428176879883,"orthographic":false}