{"cameraMode":{"drawMode":0,"name":"Shaded","section":"Shading Mode"},"sceneLighting":true,"audioPlay":false,"sceneViewState":{"m_AlwaysRefresh":false,"showFog":true,"showSkybox":false,"showFlares":true,"showImageEffects":true,"showParticleSystems":true,"showVisualEffectGraphs":true,"m_FxEnabled":true},"in2DMode":false,"pivot":{"x":1.3218204975128174,"y":13.045673370361329,"z":-1.43626070022583},"rotation":{"x":0.23160867393016816,"y":0.20821253955364228,"z":-0.050819624215364459,"w":0.9489073157310486},"size":9.069412231445313,"orthographic":false}