{"cameraMode":{"drawMode":0,"name":"Shaded","section":"Shading Mode"},"sceneLighting":false,"audioPlay":false,"sceneViewState":{"m_AlwaysRefresh":false,"showFog":true,"showSkybox":false,"showFlares":true,"showImageEffects":true,"showParticleSystems":true,"showVisualEffectGraphs":true,"m_FxEnabled":true},"in2DMode":false,"pivot":{"x":-6.294934272766113,"y":10.229999542236329,"z":-0.5214483737945557},"rotation":{"x":0.00297873979434371,"y":-0.11882007122039795,"z":0.00035635632229968905,"w":0.9929121732711792},"size":1.0249075889587403,"orthographic":false}